thread_id,title,thread_url,comment_count,first_datetime_utc,last_datetime_utc
034e01933229,Hỏi ngu một chút về LGBT,https://voz.vn/t/hoi-ngu-mot-chut-ve-lgbt.99264/,16,2020-08-03T02:42:36+00:00,2020-08-03T04:06:08+00:00
04876c5f0396,"Nhà trường càng kỳ thị LGBT, học sinh càng mù mờ về giới",https://voz.vn/t/nha-truong-cang-ky-thi-lgbt-hoc-sinh-cang-mu-mo-ve-gioi.658344/,17,2022-11-03T07:01:57+00:00,2022-11-03T07:15:36+00:00
1757607f0d4c,Lãi suất ngân hàng hôm nay 20.7: Kỳ hạn 6 tháng lên đến 9%,https://voz.vn/t/lai-suat-ngan-hang-hom-nay-20-7-ky-han-6-thang-len-den-9.1262184/,19,2026-07-20T08:24:26+00:00,2026-07-22T07:46:51+00:00
1953a87dce36,"Tạ Hiền, nam diễn viên gạo cội của Hong Kong qua đời",https://voz.vn/t/hong-kong-ta-hien-nam-dien-vien-gao-coi-cua-hong-kong-qua-doi.1262286/,20,2026-07-20T13:54:25+00:00,2026-07-20T14:09:14+00:00
1baf97b41a54,Thái Lan hợp pháp hóa hôn nhân đồng giới: Cú hích tỷ USD cho ngành du lịch,https://voz.vn/t/thai-lan-hop-phap-hoa-hon-nhan-dong-gioi-cu-hich-ty-usd-cho-nganh-du-lich.1037185/,20,2024-11-21T01:01:01+00:00,2024-11-21T01:39:36+00:00
28ebae1a072b,Quan điểm của bạn về xu hướng tính dục?,https://voz.vn/t/quan-diem-cua-ban-ve-xu-huong-tinh-duc.808440/,9,2023-07-11T12:56:57+00:00,2023-07-11T16:08:04+00:00
2a09294f9f99,Bước tiến của quyền chuyển đổi giới tính,https://voz.vn/t/buoc-tien-cua-quyen-chuyen-doi-gioi-tinh.787339/,20,2023-06-07T01:44:03+00:00,2023-06-07T02:29:49+00:00
2c455e5b9af9,[CLB Chứng khoán] Chia sẻ kinh nghiệm đầu tư chứng khoán 2026 - Kỷ nguyên vượn mình,https://voz.vn/t/clb-chung-khoan-chia-se-kinh-nghiem-dau-tu-chung-khoan-2026-ky-nguyen-vuon-minh.1188208/,20,2025-12-25T03:48:57+00:00,2025-12-25T15:09:09+00:00
2fa459d32369,"Đề xuất tổ chức khóa học trước kết hôn; khuyến khích vợ chồng, cá nhân sinh con",https://voz.vn/t/de-xuat-to-chuc-khoa-hoc-truoc-ket-hon-khuyen-khich-vo-chong-ca-nhan-sinh-con.1262818/,10,2026-07-22T08:20:34+00:00,2026-07-22T08:27:29+00:00
352f750c09e5,Giỏi Toán nên theo học ngành nào?,https://voz.vn/t/gioi-toan-nen-theo-hoc-nganh-nao.1262506/,13,2026-07-21T08:18:29+00:00,2026-07-21T11:41:51+00:00
38e8ee362608,Tạo sao bài viết phản biện người kì thị LGBT lại bị khóa? Trong khi bài kì thị thì được mở?,https://voz.vn/t/tao-sao-bai-viet-phan-bien-nguoi-ki-thi-lgbt-lai-bi-khoa-trong-khi-bai-ki-thi-thi-%C4%91uoc-mo.226762/,18,2021-02-04T03:57:53+00:00,2021-02-04T05:50:00+00:00
3952ed5a16a2,Thông tin về quá trình điều trị của bé trai được hỗ trợ hơn nửa tỷ đồng,https://voz.vn/t/thong-tin-ve-qua-trinh-dieu-tri-cua-be-trai-duoc-ho-tro-hon-nua-ty-dong.1262762/,16,2026-07-22T06:01:01+00:00,2026-07-22T08:25:31+00:00
3dd474acedd8,Việt Nam lần đầu phân loại 'xe điện mở rộng phạm vi',https://voz.vn/t/viet-nam-lan-dau-phan-loai-xe-dien-mo-rong-pham-vi.1262685/,19,2026-07-22T02:37:22+00:00,2026-07-22T07:44:14+00:00
411edada0315,Có ai không kỳ thị LGBT nhưng ghét mấy con bóng dơ không ?,https://voz.vn/t/co-ai-khong-ky-thi-lgbt-nhung-ghet-may-con-bong-do-khong.185841/,20,2020-11-29T21:36:00+00:00,2020-11-30T01:01:52+00:00
4374a4421422,"Thị trường GPU giữa năm: RTX 5090 vẫn đội giá, phân khúc tầm trung dễ mua hơn",https://voz.vn/t/thi-truong-gpu-giua-nam-rtx-5090-van-doi-gia-phan-khuc-tam-trung-de-mua-hon.1262372/,20,2026-07-21T01:47:08+00:00,2026-07-21T03:02:30+00:00
499f4af43366,Lgbt giờ là thượng đẳng trên mạng xã hội à các thím!!!,https://voz.vn/t/lgbt-gio-la-thuong-dang-tren-mang-xa-hoi-a-cac-thim.490876/,20,2022-02-11T10:36:34+00:00,2022-02-11T11:32:54+00:00
4abb1b872029,"Mesh nào ngon bổ rẻ, ổn định bây h các bác nhỉ???",https://voz.vn/t/mesh-nao-ngon-bo-re-on-dinh-bay-h-cac-bac-nhi.1165779/,20,2025-11-02T04:42:42+00:00,2025-11-04T08:41:05+00:00
4cb8f04d0ff7,"Học viện Ngoại giao Hàn Quốc bị tấn công mạng, mất nhiều dữ liệu",https://voz.vn/t/hoc-vien-ngoai-giao-han-quoc-bi-tan-cong-mang-mat-nhieu-du-lieu.1262523/,8,2026-07-21T09:06:46+00:00,2026-07-21T09:20:21+00:00
4e52a43547e4,Chia sẻ trải nghiệm tự mod switch chuột G102.,https://voz.vn/t/chia-se-trai-nghiem-tu-mod-switch-chuot-g102.931136/,20,2024-03-10T07:08:21+00:00,2024-03-23T11:41:51+00:00
50489782e8a1,Vụ bát cháo lươn giá 250.000 đồng: Chủ quán ở Cửa Lò nói gì?,https://voz.vn/t/vu-bat-chao-luon-gia-250-000-dong-chu-quan-o-cua-lo-noi-gi.1262814/,6,2026-07-22T08:18:23+00:00,2026-07-22T08:26:45+00:00
6075f12be6ff,Mỗi ngày có hơn 9 nghìn đơn đặt cọc VinFast VF 2,https://voz.vn/t/moi-ngay-co-hon-9-nghin-don-dat-coc-vinfast-vf-2.1262517/,20,2026-07-21T08:42:00+00:00,2026-07-21T10:35:37+00:00
60af31e1f328,Đừng để 'đấu tố' trên mạng trở thành lẽ thường!,https://voz.vn/t/dung-de-dau-to-tren-mang-tro-thanh-le-thuong.1262514/,17,2026-07-21T08:33:43+00:00,2026-07-21T08:48:20+00:00
6663c5ae63d0,"Vợ qua đời sau khi mua bảo hiểm 150 triệu/năm, chồng vất vả đòi DN trả gần 6,5 tỷ",https://voz.vn/t/vo-qua-doi-sau-khi-mua-bao-hiem-150-trieu-nam-chong-vat-va-doi-dn-tra-gan-6-5-ty.1262813/,14,2026-07-22T08:15:12+00:00,2026-07-22T08:29:58+00:00
673fbc223b05,Mặt bằng kinh doanh ở Hà Nội nhan nhản biển cho thuê,https://voz.vn/t/mat-bang-kinh-doanh-o-ha-noi-nhan-nhan-bien-cho-thue.1261959/,20,2026-07-19T12:21:31+00:00,2026-07-19T15:02:35+00:00
6767a5e3e56c,Cựu Bộ trưởng Ukraine lên tiếng sau khi tướng Syrskyi mất chức,https://voz.vn/t/cuu-bo-truong-ukraine-len-tieng-sau-khi-tuong-syrskyi-mat-chuc.1262728/,4,2026-07-22T04:17:22+00:00,2026-07-22T08:26:04+00:00
701a75204ad8,Một startup từng lên Shark Tank thông báo dừng hoạt động,https://voz.vn/t/mot-startup-tung-len-shark-tank-thong-bao-dung-hoat-dong.1262496/,19,2026-07-21T08:01:21+00:00,2026-07-21T08:55:52+00:00
72e95cfe515b,"[Dịch]Dân Trung Quốc muốn chối bỏ nhà Thanh vì ba thế kỷ nhục nhã, nhưng lại khiến chính quyền lo sợ.",https://voz.vn/t/dich-dan-trung-quoc-muon-choi-bo-nha-thanh-vi-ba-the-ky-nhuc-nha-nhung-lai-khien-chinh-quyen-lo-so.1262446/,20,2026-07-21T04:39:48+00:00,2026-07-21T04:59:41+00:00
769306e723d2,[DỊCH] Mỹ gây sức ép lên Việt Nam về rào cản thương mại và vi phạm sở hữu trí tuệ trong đàm phán thỏa thuận,https://voz.vn/t/dich-my-gay-suc-ep-len-viet-nam-ve-rao-can-thuong-mai-va-vi-pham-so-huu-tri-tue-trong-dam-phan-thoa-thuan.1261053/,20,2026-07-16T05:39:22+00:00,2026-07-22T07:13:26+00:00
7ae1b05b89a4,"LGBT, les, gay, gốm sứ",https://voz.vn/t/lgbt-les-gay-gom-su.6167/,18,2020-03-18T09:42:08+00:00,2020-03-18T10:52:15+00:00
802d3971618a,Bằng cách nào để tố cáo/khiếu nại/kêu gọi nhà nước hạn chế nạn LGBT trên truyền hình và các kênh giải trí chính thống?,https://voz.vn/t/bang-cach-nao-%C4%91e-to-cao-khieu-nai-keu-goi-nha-nuoc-han-che-nan-lgbt-tren-truyen-hinh-va-cac-kenh-giai-tri-chinh-thong.119125/,20,2020-08-28T18:50:44+00:00,2020-08-29T01:57:57+00:00
816649330eca,Anh em ở Nhật vào tâm sự nhỉ 3.0,https://voz.vn/t/anh-em-o-nhat-vao-tam-su-nhi-3-0.1250878/,19,2026-06-14T12:15:52+00:00,2026-06-14T23:22:51+00:00
845fb8b297ef,Phụ nữ hiện đại chọn nội y theo tiêu chí mới: Trải nghiệm thay vì chỉ kiểu dáng,https://voz.vn/t/phu-nu-hien-dai-chon-noi-y-theo-tieu-chi-moi-trai-nghiem-thay-vi-chi-kieu-dang.1261919/,20,2026-07-19T08:53:44+00:00,2026-07-19T09:28:40+00:00
892aad1dca9e,Đồng giới (LGBT) có thể lây nhiễm không?,https://voz.vn/t/dong-gioi-lgbt-co-the-lay-nhiem-khong.201487/,20,2020-12-25T07:08:44+00:00,2020-12-25T07:29:27+00:00
899d2ea3f0e4,Khát vọng cống hiến từ những lá đơn tình nguyện,https://voz.vn/t/khat-vong-cong-hien-tu-nhung-la-don-tinh-nguyen.1262803/,19,2026-07-22T07:48:08+00:00,2026-07-22T08:21:51+00:00
8b214235b622,Số phận bi thảm của người đồng tính ở Uganda,https://voz.vn/t/so-phan-bi-tham-cua-nguoi-dong-tinh-o-uganda.911436/,19,2024-01-22T08:51:52+00:00,2024-01-22T09:17:10+00:00
8e8a153ab93b,"Liên giới tính là gì, khác đồng tính và chuyển giới thế nào?",https://voz.vn/t/lien-gioi-tinh-la-gi-khac-%C4%91ong-tinh-va-chuyen-gioi-the-nao.1135605/,20,2025-08-14T07:02:38+00:00,2025-08-14T07:43:18+00:00
90956e2937a9,Hành vi thường thấy của những người kỳ thị và sợ người đồng tính,https://voz.vn/t/hanh-vi-thuong-thay-cua-nhung-nguoi-ky-thi-va-so-nguoi-%C4%91ong-tinh.755456/,18,2023-04-15T02:22:24+00:00,2023-04-15T02:45:40+00:00
9259a9c0c6ca,"Chơi cầu lông hại gối quá, cho hỏi mấy loại thực phẩm chức năng cho gân đầu gối",https://voz.vn/t/choi-cau-long-hai-goi-qua-cho-hoi-may-loai-thuc-pham-chuc-nang-cho-gan-dau-goi.1262769/,20,2026-07-22T06:14:58+00:00,2026-07-22T08:25:51+00:00
9bfa7db3c6e8,Xe Lexus của bà Trương Mỹ Lan giảm còn 635 triệu đồng sau hai lần đấu giá,https://voz.vn/t/xe-lexus-cua-ba-truong-my-lan-giam-con-635-trieu-dong-sau-hai-lan-dau-gia.1262508/,20,2026-07-21T08:23:37+00:00,2026-07-21T09:20:22+00:00
a4067fa9e3d3,"Thống đốc Phạm Đức Ấn thừa nhận điều hành lãi suất ""vất vả"", hé lộ giải pháp giảm tải áp lực vốn cho ngân hàng",https://voz.vn/t/thong-doc-pham-duc-an-thua-nhan-dieu-hanh-lai-suat-vat-va-he-lo-giai-phap-giam-tai-ap-luc-von-cho-ngan-hang.1262073/,18,2026-07-20T03:19:00+00:00,2026-07-20T04:31:48+00:00
b4a788b86a80,Các thím chơi bút máy vào khoe hàng đi,https://voz.vn/t/cac-thim-choi-but-may-vao-khoe-hang-di.165690/,20,2020-10-28T07:01:26+00:00,2020-11-03T06:41:52+00:00
bb4238d20b18,Nhân viên khách sạn không cho người chuyển giới nhận phòng gây tranh cãi,https://voz.vn/t/nhan-vien-khach-san-khong-cho-nguoi-chuyen-gioi-nhan-phong-gay-tranh-cai.876150/,20,2023-11-16T01:16:43+00:00,2023-11-16T01:30:35+00:00
be885052ee1b,Hình ảnh đẹp về Messi (tất cả vào đây),https://voz.vn/t/hinh-anh-dep-ve-messi-tat-ca-vao-day.1048127/,18,2024-12-18T13:47:32+00:00,2024-12-18T15:11:37+00:00
c10d6ff95244,Phụ huynh cần nhớ: Mọi lời rao điều trị thành công cho trẻ đồng tính đều là giả mạo,https://voz.vn/t/phu-huynh-can-nho-moi-loi-rao-dieu-tri-thanh-cong-cho-tre-dong-tinh-deu-la-gia-mao.876118/,20,2023-11-16T00:23:10+00:00,2023-11-16T01:09:17+00:00
c3077b7f92c3,Sân bay Long Thành cần thêm 2.000 nhân công,https://voz.vn/t/san-bay-long-thanh-can-them-2-000-nhan-cong.1262127/,20,2026-07-20T05:50:12+00:00,2026-07-20T06:48:51+00:00
c49016a725e3,Quốc hội Mỹ thông qua luật cột mốc về hôn nhân đồng giới,https://voz.vn/t/quoc-hoi-my-thong-qua-luat-cot-moc-ve-hon-nhan-%C4%91ong-gioi.680113/,4,2022-12-09T01:24:03+00:00,2022-12-09T11:47:46+00:00
c65736046873,Singapore sở hữu hộ chiếu quyền lực nhất thế giới,https://voz.vn/t/singapore-so-huu-ho-chieu-quyen-luc-nhat-the-gioi.1262784/,20,2026-07-22T07:02:29+00:00,2026-07-22T07:16:44+00:00
d70a18f6efa7,[DIY] Vá lỗ đèn trên trần thạch cao có dễ ko các bác,https://voz.vn/t/diy-va-lo-den-tren-tran-thach-cao-co-de-ko-cac-bac.1262801/,11,2026-07-22T07:47:04+00:00,2026-07-22T08:27:39+00:00
d74fe44d9a7d,"Công an Ninh Bình thông tin vụ ""tố"" gian lận thi cử xôn xao mạng xã hội",https://voz.vn/t/cong-an-ninh-binh-thong-tin-vu-to-gian-lan-thi-cu-xon-xao-mang-xa-hoi.1262468/,20,2026-07-21T06:36:20+00:00,2026-07-21T08:11:16+00:00
d7816e6bba80,"Rời chính trường sang làm cho hãng xe Trung Quốc, cựu Ngoại trưởng Hungary bị điều tra",https://voz.vn/t/roi-chinh-truong-sang-lam-cho-hang-xe-trung-quoc-cuu-ngoai-truong-hungary-bi-dieu-tra.1262511/,3,2026-07-21T08:29:29+00:00,2026-07-21T09:09:03+00:00
dd7061cd2b85,"Vụ cháy xe khách 7 người chết: Cha mẹ phá cửa cứu được 2 con, một bé bỏng 50% cơ thể",https://voz.vn/t/vu-chay-xe-khach-7-nguoi-chet-cha-me-pha-cua-cuu-duoc-2-con-mot-be-bong-50-co-the.1262480/,28,2026-07-21T07:26:01+00:00,2026-07-21T08:33:51+00:00
e18be55928d6,"Bộ Nội vụ thông tin về hướng sáp nhập 705 xã, phường chưa đạt chuẩn",https://voz.vn/t/bo-noi-vu-thong-tin-ve-huong-sap-nhap-705-xa-phuong-chua-dat-chuan.1258975/,19,2026-07-09T09:11:25+00:00,2026-07-09T09:45:22+00:00
ec9315453c52,Luật hôn nhân đồng giới chính thức có hiệu lực tại Thái Lan,https://voz.vn/t/luat-hon-nhan-dong-gioi-chinh-thuc-co-hieu-luc-tai-thai-lan.1015188/,14,2024-09-25T11:36:31+00:00,2024-09-25T16:11:41+00:00
ecbc771ede94,Có ngành nghề nào không có LGBT?,https://voz.vn/t/co-nganh-nghe-nao-khong-co-lgbt.197331/,19,2020-12-18T05:12:19+00:00,2020-12-18T05:26:32+00:00
f2471e0ec103,"VN-Index sáng 22/7 mất gần 38 điểm, cổ phiếu ngân hàng chìm trong sắc đỏ",https://voz.vn/t/vn-index-sang-22-7-mat-gan-38-diem-co-phieu-ngan-hang-chim-trong-sac-do.1262804/,20,2026-07-22T07:48:51+00:00,2026-07-22T08:13:19+00:00
f4c29efdfc54,Giấc mơ Metro: Văn hóa đi bộ 'thức giấc' giữa lòng đô thị (kỳ 1),https://voz.vn/t/giac-mo-metro-van-hoa-di-bo-thuc-giac-giua-long-do-thi-ky-1.1262461/,20,2026-07-21T05:49:13+00:00,2026-07-21T06:28:17+00:00
f53f228fd121,Tokyo công nhận quan hệ đồng giới,https://voz.vn/t/tokyo-cong-nhan-quan-he-dong-gioi.657432/,20,2022-11-02T02:11:23+00:00,2022-11-02T03:49:09+00:00
f5ea4ac7377a,Cam hành trình và cảm biến áp suất lốp cho oto cũ,https://voz.vn/t/cam-hanh-trinh-va-cam-bien-ap-suat-lop-cho-oto-cu.1256548/,17,2026-07-01T09:37:51+00:00,2026-07-22T08:25:37+00:00
f96039cbac79,[ dịch][nga] UAV tấn công Wildberries ở Krasnodar - hỏa hoạn nghiêm trọng và sơ tán,https://voz.vn/t/dich-nga-uav-tan-cong-wildberries-o-krasnodar-hoa-hoan-nghiem-trong-va-so-tan.1262689/,19,2026-07-22T02:40:28+00:00,2026-07-22T03:33:43+00:00
